Item,Dose,Number,Medium,Boxes,Location
Anti-diarrheal/Loperamide,2mg,41,Caplets,2,GI Meds drawer (top)
Pepto/Bismuth Subsalicylate,262mg,126,chewables,3,GI Meds drawer (top)
Miralax mixers ,,19,wooden mixers,2,GI Meds drawer (top)
Pepcid / Famotidine ,20mg,200,tablet,1,GI Meds drawer (top)
Laxative / Sennosides USP,25 mg,90,tablets,,GI Meds drawer (top)
Tums / Ca Carbonate ,750mg,96,chewable tabs,1,GI Meds drawer (bottom)
Rolaids / Ca Carbonate + Mg hydroxide,675 + 135 mg,40,chewable tabs,1 sleeve,GI Meds drawer (bottom)
Sterile Polyester Tipped Applicator (qtip),,11,qtips,1 bag with many bags,Wound Care
Solon cotton tipped applicators,,9,qtips,individual bags,Wound Care
NaCl flushes,10mL,7,syringes,individual bags,Wound Care
Cold Compress,,0,,1,Wound Care
Iodosorb / Cadexomer Iodine Gel,40mg/1.4oz,6,gel,1,Wound Care
"Triple Abx Ointment = bacitracin zinc, neomycin sulfate, polymixin B sulfate",400 units/3.5mg/5000 units,10,single use tubes,individual packets,Wound Care
Aquacel Ag Dressing,,2,dressing,single use packets,Wound Care
ChloraPrep single swabstick,,1,qtips,single use stick,Wound Care
Cavilon No sting barrier film ,,3,,Single use sticks,Wound Care
Povidone Iodine swabstick ,,17,qtips,single use sticks,Wound Care
Clear eyes redness relief,,4,eye drops,box,Eye Drops
Pataday / Olopatadine HCl (antihistamine),0.70%,6,eye drops,bottles in boxes,Eye Drops
ChloraPrep One-Step (CHG / IPA),2%/70%,1,,single use package,Suture Staple Removers
Needles + syringe (assorted),,1,,Bag,Suture Staple Removers
Staple Removal Kit,,1,Kit,Box,Suture Staple Removers
Devon Suture Removal Kit,,2,Kit,Packet,Suture Staple Removers
Acupuncture Needles,,4,Needles,Packet,Suture Staple Removers
Sterile Gloves (latex) size 6.5,,7,Gloves,Packet,Sterile Gloves
Lotrimin/ Clotrimazole Cream,1% (28.4g/1oz),5,tube ointment,Box,Topical Care
Hydrocortisone cream,1% (28.3g/1oz),3,tube ointment,Box,Topical Care
Cooling Burn Spray (Lidocaine HCl + Aloe),4%,1,spray can,spray can,Topical Care
Vagisil (Benzocaine/Resorcinol),20% / 3%,2,tube ointment,2,Topical Care
Ace Bandages,,3,rolls in boxes,3,Bandages
Pre-wrap,,1,roll,1,Bandages
Kerlix Bandage Roll,,2,roll,2,Bandages
Petrolatum (petroleum gel),100%,4,tube ointment,4,Hot compress
HEB Petroleum Jelly,100%,1,tub,1,Hot compress
Hot compress,,27,individual packs,3,Hot compress
Extra Strength Acetaminophin,500mg,500,pills,1,Pain meds
Ibuprofen Tablets,200mg,250,pills,1,Pain meds
Dye free ibuprofen,200mg,25,pills,1,Pain meds
Motrin Ibuprofen tablet packs,200mg,100,individual pill packs,1 box,Pain meds
Extra Stength Tylenol packs,500mg,150,individual pill packs,1 box,Pain meds
Zyrtec (Cetirizine HCl),10mg,150,individual pill packs,1 box,Allergy Meds
Max Strength Phenylephrine HCl,10mg,162,blister packs of 18 pills,4 boxes (one box w 3 sleeves),Allergy Meds
"Max Strength Sinus Pressure, Pain + cough (acetominophen, dextromethorphan, guaifenesin, phenylephrine)",325mg/10mg/200mg/5mg,6,box of blister pack (few left),1 box,Allergy Meds
Mucinex (Guaifenesin),600mg,13,box of blister pack,1 box,Allergy Meds
Diphenhydramine HCl / Phenylephrine HCl,25mg/10mg,16,Blister packs,1 bag,Allergy Meds
Halls cough drops,,80,lozenges,1 bag,Allergy Meds
Pregnancy Test,,11,Dip stick,box,OB/Vitamins
Folic Acid,800mcg,500,Pills,Bottle,OB/Vitamins
Iron,65mg (325mg Ferrous Sulfate),100,Pills,Bottle,OB/Vitamins
D3,5000 IU (125mcg),90,Softgels,Bottle,OB/Vitamins
Lil Critters Gummy Vitamins (multivitamin),multivitamin,190,gummy bears,Bottle,OB/Vitamins
All gauze sponges (non-sterile),,200,gauze pads,Bag,Ear Hair Etc.
Qtips,,300,qtips,box,Ear Hair Etc.
Otoscope tips,,152,tips,3 sleeves,Ear Hair Etc.
"Hyland's Earache Drops (Belladonna, Calcarea Carbonica, Chamomilla, Lycopodium, Pulsatilla, sulphur)",30/30/30/30/30/30,1,ear drops,1 box,Ear Hair Etc.
Ear Curettes,,50,,1 box,Ear Hair Etc.
"Lice Killing Shampoo (piperonyl butoxide, pyrethrum extract)",4%/0.33%,2,shampoo,2 boxes,Ear Hair Etc.
Digital Otoscope,,1,,1 box,Ear Hair Etc.
"Tegaderm 4x4.75""",,8,individual packages,8 individuals,Dressings
"Non-Adherent Dressing 3x8""",,12,individual packages,12 individuals,Dressings
Non-Adherent Dressing (smaller),,10,individual packages,many individuals,Dressings
Tape,,11,,11 rolls,Dressings
All purpose sponges,,10,,2 per package,Dressings
Petroleum Gauze 2x2,,25,,1 individual packet,Dressings
"""Ouchless"" Non-Adherent Pad",,3,,3 individuals,Dressings
Bordered Gauze Dressing,,5,,5 individuals,Dressings
Hydrocellular Foam Dressing (mepilex?),,11,,1 individual packet,Dressings
"Gauze Sponges 4""x4""",,21,,21 individual packets,Dressings
"Adhesive Dressing 2""x3""",,90,,1 box,Dressings
"Petroleum Gauze 1""x8""",,40,,1 box,Dressings
"Non-Adherent Dressing 2""x3""",,100,,1 box,Dressings
"Bag of assorted scissors, clamps, tweezers",,1,,1 bag,Top of Shelf Cart
Dial Antibacterial Hand Soap,,1,,1 bottle,Top of Shelf Cart
Hydrogen Peroxide,,1,,1 bottle ,Top of Shelf Cart
Ear Lavage + speculum,,1,,in bag in box,Top of Shelf Cart (in plastic box)
Liquid IV,,68,,3 bags,Top of Shelf Cart (two bags in storage)
Urine Dipsticks,,30,,1 bottle,Top of Shelf Cart
Paper surgical tape,,64,,8 boxes,Storage
Tefla Non-adherent Dressing 2x3,,0,,19 boxes,Storage
Tefla Non-adherent Dressing 3x4,,300,,3 boxes,Storage
Tefla Non-adherent Dressing 8x3,,26,,1 box,Storage
Disposable saftey scalpels,,10,tape,1 box,Storage
Cotton tipped applicators,,400,dressing,4 boxes,Storage
Gauze 4x4,,185,,5 boxes,Storage
Tegaderm Film,,300,,3 boxes,Storage
Patadine/Olopatadine- Eye allergy Itch Relief,,13,,13 boxes,Storage
Miconazole ,,1,,1 box,Storage
Detector UA,,100,,1 box,Storage
Clotrimazole,,13,,13 box,Storage
Syringe 60 cc,0.70%,2,eye drops,,Storage
Hot compress,2%,2,Cream,,Storage
Hydrocortisone cream,,4,,4 box,Storage
Kerlix,1%,1,Cream,,Storage
Otoscope specula,,850,,19 packs,Storage
Decon Suture removal kit,,29,,3 boxes,Storage
small brown paper bags,1%,100,Cream,,Storage
flush syringes,,60,,2 boxes,Storage
tongue blades,,0,,6 boxes,Storage
Disinfecting wipes,,1,,,Storage
Suture removal kit,,39,,,Storage
XS nitrile gloves,,600,,3 boxes,Storage
Narcan,,18,,9 boxes,Storage
Specimen containers,,8,,,Storage
Nasal cannula,,8,,,Storage
oxygen mask,,3,,,Storage
vaginal speculum,,3,,,Storage
sterile laceration tray,,7,,,Storage
surgical gloves size 6.5,,26,,,Storage
mask with face shield,,50,,2,Storage
other masks,,10,,,Storage
gauze sponge 2-pack,,275,,11,Storage
safety blood collection set,,6,,,Storage
thermometer,,4,,,Storage
ace bandage,,4,,4,Storage
pen needles,,257,,13,Storage
hemoccult,,200,,2,Storage
lancets,,35,,,Storage
insulin syringes with BD ultra-fine needle,,6,,,Storage
glucose monitor,,4,,3,Storage
binders,,2,,,Tan cart
sharps container (big),,1,,,Tan cart
sharps container (little),,1,,,Tan cart
tape dispenser,,1,,,Tan cart
2 hole punch,,1,,,Tan cart
narcan,,7,,3,Tan cart
blood pressure cuff (broken),,2,,,Tan cart
electronic wrist blood pressure monitor,,1,,1,Tan cart
label maker,,1,,,Tan cart
chux (waterproof pads),,19,,,Tan cart
sterile utility bowl,,2,,,Tan cart
Diclofenac gel,,12,,,topical care and hot compress drawer
Prenatal Vitamins,,1,,,
Earache drops,,2,,2,Pain meds drawer
Omeprazole,,8,,2,GI Meds drawer (bottom)
Miralax,,10,,1,GI Meds drawer (top)
Miconazole Antifungal,,8,,2,Topical care drawer
Triple Antibiotic,,4,drops,1,Topical care drawer
Triple Antibiotic,20 mg,4,tablets,2,Storage
Covid-19 test,,1,powder,1,top of drawers
Instant cold packs,2%,6,Cream,,bandage rolls
Instant cold packs,,19,Ointment,,Storage
band aids,,280,Ointment,,Storage
glucose test strips,,1,,,
,,0,,,
,,0,,,
,,0,,,
,,0,,,